	Link	District	Representative	Party	Prior experience	Education	Assumed Office	Born In
0	https://en.wikipedia.org/wiki/Bradley_Byrne	Alabama 1	 Byrne, BradleyBradley Byrne	Republican	Alabama Senate, Alabama State Board of Education	"Duke University
University of Alabama"	2013*	1955
1	https://en.wikipedia.org/wiki/Martha_Roby	Alabama 2	 Roby, MarthaMartha Roby	Republican	Montgomery City Council	"New York University
Cumberland School of Law"	2011	1976
2	https://en.wikipedia.org/wiki/Mike_Rogers_(Alabama_politician)	Alabama 3	 Rogers, MikeMike Rogers	Republican	Calhoun County Commissioner, Alabama House of Representatives	"Jacksonville State University
Birmingham School of Law"	2003	1958
3	https://en.wikipedia.org/wiki/Robert_Aderholt	Alabama 4	 Aderholt, RobertRobert Aderholt	Republican	Haleyville Municipal Judge	"Birmingham–Southern College
Samford University"	1997	1965
4	https://en.wikipedia.org/wiki/Mo_Brooks	Alabama 5	 Brooks, MoMo Brooks	Republican	Alabama House of Representatives, Madison County Commissioner	"Duke University
University of Alabama"	2011	1954
5	https://en.wikipedia.org/wiki/Gary_Palmer_(politician)	Alabama 6	 Palmer, GaryGary Palmer	Republican	Policy analyst	University of Alabama	2015	1954
6	https://en.wikipedia.org/wiki/Terri_Sewell	Alabama 7	 Sewell, TerriTerri Sewell	Democratic	Attorney	"Princeton University
Harvard Law School
University of Oxford"	2011	1965
7	https://en.wikipedia.org/wiki/Don_Young	Alaska At Large	 Young, DonDon Young	Republican	Alaska Senate, Ship captain, Mayor of Fort Yukon, Alaska	California State University, Chico	1973*	1933
8	https://en.wikipedia.org/wiki/Ann_Kirkpatrick	Arizona 1	 Kirkpatrick, AnnAnn Kirkpatrick	Democratic	Arizona House of Representatives, U.S. House	"University of Arizona
University of Arizona College of Law"	2013	1950
9	https://en.wikipedia.org/wiki/Martha_McSally	Arizona 2	 McSally, MarthaMartha McSally	Republican	USAF Colonel	United States Air Force Academy	2015	1966
10	https://en.wikipedia.org/wiki/Ra%C3%BAl_Grijalva	Arizona 3	 Grijalva, RaúlRaúl Grijalva	Democratic	Pima County Board of Supervisors	University of Arizona	2003	1948
11	https://en.wikipedia.org/wiki/Paul_Gosar	Arizona 4	 Gosar, PaulPaul Gosar	Republican	President of the Northern Arizona Dental Society	"Creighton University
Creighton University School of Dentistry"	2011	1958
12	https://en.wikipedia.org/wiki/Matt_Salmon	Arizona 5	 Salmon, MattMatt Salmon	Republican	Arizona Senate, U.S. House	"Arizona State University
Brigham Young University"	2013	1958
13	https://en.wikipedia.org/wiki/David_Schweikert	Arizona 6	 Schweikert, DavidDavid Schweikert	Republican	Arizona House of Representatives, Arizona Board of Education, Arizona Board of Equalization, Maricopa County Treasurer	Arizona State University	2011	1962
14	https://en.wikipedia.org/wiki/Ruben_Gallego	Arizona 7	 Gallego, RubenRuben Gallego	Democratic	Arizona House of Representatives	Harvard University	2015	1979
15	https://en.wikipedia.org/wiki/Trent_Franks	Arizona 8	 Franks, TrentTrent Franks	Republican	Arizona House of Representatives	Ottawa University	2003	1957
16	https://en.wikipedia.org/wiki/Kyrsten_Sinema	Arizona 9	 Sinema, KyrstenKyrsten Sinema	Democratic	Arizona Senate, Arizona House of Representatives	"Brigham Young University
Arizona State University"	2013	1976
17	https://en.wikipedia.org/wiki/Rick_Crawford_(politician)	Arkansas 1	 Crawford, RickRick Crawford	Republican	Broadcaster, Businessman	Arkansas State University	2011	1966
18	https://en.wikipedia.org/wiki/French_Hill_(politician)	Arkansas 2	 Hill, FrenchFrench Hill	Republican	Businessman	"Vanderbilt University
UCLA Anderson School of Management"	2015	1956
19	https://en.wikipedia.org/wiki/Steve_Womack	Arkansas 3	 Womack, SteveSteve Womack	Republican	Mayor of Rogers, Arkansas	Arkansas Tech University	2011	1957
20	https://en.wikipedia.org/wiki/Bruce_Westerman	Arkansas 4	 Westerman, BruceBruce Westerman	Republican	Arkansas House of Representatives	"University of Arkansas
Yale University"	2015	1956
21	https://en.wikipedia.org/wiki/Doug_LaMalfa	California 1	 LaMalfa, DougDoug LaMalfa	Republican	California State Senate, California State Assembly	California Polytechnic State University	2013	1960
22	https://en.wikipedia.org/wiki/Jared_Huffman	California 2	 Huffman, JaredJared Huffman	Democratic	California State Assembly	"University of California, Santa Barbara
Boston College Law School"	2013	1964
23	https://en.wikipedia.org/wiki/John_Garamendi	California 3	 Garamendi, JohnJohn Garamendi	Democratic	Lieutenant Governor of California, United States Deputy Secretary of the Interior, California Insurance Commissioner, California State Senate, California State Assembly	"University of California, Berkeley
Harvard Business School"	2009*	1945
24	https://en.wikipedia.org/wiki/Tom_McClintock	California 4	 McClintock, TomTom McClintock	Republican	California Senate, California State Assembly	University of California, Los Angeles	2009	1956
25	https://en.wikipedia.org/wiki/Mike_Thompson_(California_politician)	California 5	 Thompson, MikeMike Thompson	Democratic	California State Senate	California State University, Chico	1999	1951
26	https://en.wikipedia.org/wiki/Doris_Matsui	California 6	 Matsui, DorisDoris Matsui	Democratic	Sacramento, California City Council	University of California, Berkeley	2005*	1944
27	https://en.wikipedia.org/wiki/Ami_Bera	California 7	 Bera, AmiAmi Bera	Democratic	Chief Medical Officer of Sacramento County, California	University of California, Irvine	2013	1965
28	https://en.wikipedia.org/wiki/Paul_Cook_(politician)	California 8	 Cook, PaulPaul Cook	Republican	California State Assembly	"Southern Connecticut State University
California State University, San Bernardino
University of California, Riverside"	2013	1943
29	https://en.wikipedia.org/wiki/Jerry_McNerney	California 9	 McNerney, JerryJerry McNerney	Democratic	Engineering executive	University of New Mexico	2007	1951
30	https://en.wikipedia.org/wiki/Jeff_Denham	California 10	 Denham, JeffJeff Denham	Republican	California State Senate	California Polytechnic State University	2011	1967
31	https://en.wikipedia.org/wiki/Mark_DeSaulnier	California 11	 DeSaulnier, MarkMark DeSaulnier	Democratic	California State Senate, California State Assembly, Contra Costa County Board of Supervisors	College of the Holy Cross	2015	1952
32	https://en.wikipedia.org/wiki/Nancy_Pelosi	California 12	 Pelosi, NancyNancy Pelosi	Democratic	"Current House Minority Leader
Northern California Democratic Party Chairwoman"	Trinity Washington University	1987*	1940
33	https://en.wikipedia.org/wiki/Barbara_Lee	California 13	 Lee, BarbaraBarbara Lee	Democratic	California State Assembly	"Mills College
University of California, Berkeley"	1998*	1946
34	https://en.wikipedia.org/wiki/Jackie_Speier	California 14	 Speier, JackieJackie Speier	Democratic	California State Senate, California State Assembly, San Mateo County Board of Supervisors	"University of California, Davis
UC, Hastings Law"	2008*	1950
35	https://en.wikipedia.org/wiki/Eric_Swalwell	California 15	 Swalwell, EricEric Swalwell	Democratic	Dublin City Council	"University of Maryland, College Park
University of Maryland School of Law"	2013	1980
36	https://en.wikipedia.org/wiki/Jim_Costa	California 16	 Costa, JimJim Costa	Democratic	California State Senate, California State Assembly	California State University, Fresno	2005	1952
37	https://en.wikipedia.org/wiki/Mike_Honda	California 17	 Honda, MikeMike Honda	Democratic	California State Assembly, Santa Clara County Board of Supervisors	San Jose State University	2001	1941
38	https://en.wikipedia.org/wiki/Anna_Eshoo	California 18	 Eshoo, AnnaAnna Eshoo	Democratic	San Mateo County Board of Supervisors	"Cañada College
Menlo College"	1993	1942
39	https://en.wikipedia.org/wiki/Zoe_Lofgren	California 19	 Lofgren, ZoeZoe Lofgren	Democratic	Santa Clara County Board of Supervisors	"Stanford University
Santa Clara University"	1995	1947
40	https://en.wikipedia.org/wiki/Sam_Farr	California 20	 Farr, SamSam Farr	Democratic	California State Assembly, Monterey County Board of Supervisors	"Willamette University
Santa Clara University
Monterey Institute of International Studies"	1993*	1941
41	https://en.wikipedia.org/wiki/David_Valadao	California 21	 Valadao, DavidDavid Valadao	Republican	California State Assembly	College of the Sequoias	2013	1977
42	https://en.wikipedia.org/wiki/Devin_Nunes	California 22	 Nunes, DevinDevin Nunes	Republican	California State Director for the United States Department of Agriculture's Rural Development Section	"College of the Sequoias
Cal Poly University, San Luis Obispo"	2003	1973
43	https://en.wikipedia.org/wiki/Kevin_McCarthy_(California_politician)	California 23	 McCarthy, KevinKevin McCarthy	Republican	"Current House Majority Leader
California State Assembly"	California State University, Bakersfield	2007	1965
44	https://en.wikipedia.org/wiki/Lois_Capps	California 24	 Capps, LoisLois Capps	Democratic	Nurse, Teacher	"Pacific Lutheran University
Yale University
University of California, Santa Barbara"	1998*	1938
45	https://en.wikipedia.org/wiki/Steve_Knight_(politician)	California 25	 Knight, SteveSteve Knight	Republican	California State Senate, California State Assembly, Palmdale City Council	Antelope Valley College	2015	1966
46	https://en.wikipedia.org/wiki/Julia_Brownley	California 26	 Brownley, JuliaJulia Brownley	Democratic	California State Assembly	"George Washington University
American University"	2013	1952
47	https://en.wikipedia.org/wiki/Judy_Chu	California 27	 Chu, JudyJudy Chu	Democratic	Mayor of Monterey Park, Monterey Park City Council, California State Assembly, California State Board of Equalization	University of California, Los Angeles	2009*	1953
48	https://en.wikipedia.org/wiki/Adam_Schiff	California 28	 Schiff, AdamAdam Schiff	Democratic	California State Senate, Assistant Prosecutor for the United States Attorney for the Southern District of California	"Stanford University
Harvard University"	2001	1960
49	https://en.wikipedia.org/wiki/Tony_C%C3%A1rdenas	California 29	 Cárdenas, TonyTony Cárdenas	Democratic	Los Angeles City Council	University of California, Santa Barbara	2013	1963
50	https://en.wikipedia.org/wiki/Brad_Sherman	California 30	 Sherman, BradBrad Sherman	Democratic	California Board of Equalization	"University of California, Los Angeles
Harvard Law School"	1997	1954
51	https://en.wikipedia.org/wiki/Pete_Aguilar	California 31	 Aguilar, PetePete Aguilar	Democratic	Mayor of Redlands	University of Redlands	2015	1979
52	https://en.wikipedia.org/wiki/Grace_Napolitano	California 32	 Napolitano, GraceGrace Napolitano	Democratic	California State Assembly	Texas Southmost College	1999	1936
53	https://en.wikipedia.org/wiki/Ted_Lieu	California 33	 Lieu, TedTed Lieu	Democratic	California State Senate, California State Assembly	"Stanford University
Georgetown University"	2015	1969
54	https://en.wikipedia.org/wiki/Xavier_Becerra	California 34	 Becerra, XavierXavier Becerra	Democratic	California State Assembly	Stanford University	1993	1958
55	https://en.wikipedia.org/wiki/Norma_Torres	California 35	 Torres, NormaNorma Torres	Democratic	California State Senate, California State Assembly, Mayor of Pomona	National Labor College	2015	1965
56	https://en.wikipedia.org/wiki/Raul_Ruiz_(politician)	California 36	 Ruiz, RaulRaul Ruiz	Democratic	Emergency physician	"University of California, Los Angeles
Harvard University"	2013	1972
57	https://en.wikipedia.org/wiki/Karen_Bass	California 37	 Bass, KarenKaren Bass	Democratic	Speaker of the California State Assembly	California State University, Dominguez Hills	2011	1953
58	https://en.wikipedia.org/wiki/Linda_S%C3%A1nchez	California 38	 Sánchez, LindaLinda Sánchez	Democratic	Attorney	"University of California, Berkeley
University of California, Los Angeles"	2003	1969
59	https://en.wikipedia.org/wiki/Ed_Royce	California 39	 Royce, EdEd Royce	Republican	California State Senate	California State University, Fullerton	1993	1951
60	https://en.wikipedia.org/wiki/Lucille_Roybal-Allard	California 40	 Roybal-Allard, LucilleLucille Roybal-Allard	Democratic	public relations executive	California State University, Los Angeles	1993	1941
61	https://en.wikipedia.org/wiki/Mark_Takano	California 41	 Takano, MarkMark Takano	Democratic	Teacher	Harvard University	2013	1960
62	https://en.wikipedia.org/wiki/Ken_Calvert	California 42	 Calvert, KenKen Calvert	Republican	Real Estate Executive	"Chaffey College
San Diego State University"	1993	1953
63	https://en.wikipedia.org/wiki/Maxine_Waters	California 43	 Waters, MaxineMaxine Waters	Democratic	California State Assembly	California State University, Los Angeles	1991	1938
64	https://en.wikipedia.org/wiki/Janice_Hahn	California 44	 Hahn, JaniceJanice Hahn	Democratic	Los Angeles City Council, former businesswoman and teacher	Abilene Christian University	2011*	1952
65	https://en.wikipedia.org/wiki/Mimi_Walters	California 45	 Walters, MimiMimi Walters	Republican	California State Senate, California State Assembly, Mayor of Laguna Niguel	University of California, Los Angeles	2015	1962
66	https://en.wikipedia.org/wiki/Loretta_Sanchez	California 46	 Sanchez, LorettaLoretta Sanchez	Democratic	Financial analyst	"Chapman University
American University"	1997	1960
67	https://en.wikipedia.org/wiki/Alan_Lowenthal	California 47	 Lowenthal, AlanAlan Lowenthal	Democratic	California State Senate, California State Assembly	"Ohio State University|
Hobart College"	2013	1941
68	https://en.wikipedia.org/wiki/Dana_Rohrabacher	California 48	 Rohrabacher, DanaDana Rohrabacher	Republican	Special assistant to President Reagan	"California State University, Long Beach
University of Southern California"	1989	1947
69	https://en.wikipedia.org/wiki/Darrell_Issa	California 49	 Issa, DarrellDarrell Issa	Republican	Electronics executive	Kent State University	2001	1953
70	https://en.wikipedia.org/wiki/Duncan_D._Hunter	California 50	 Hunter, Duncan D.Duncan D. Hunter	Republican	Military officer, businessman	San Diego State University	2009	1976
71	https://en.wikipedia.org/wiki/Juan_Vargas	California 51	 Vargas, JuanJuan Vargas	Democratic	California State Senate, California State Assembly, San Diego City Council	"Harvard Law School
Fordham University
University of San Diego"	2013	1961
72	https://en.wikipedia.org/wiki/Scott_Peters_(politician)	California 52	 Peters, ScottScott Peters	Democratic	San Diego City Council, San Diego Port Commission	"Duke University
New York University School of Law"	2013	1958
73	https://en.wikipedia.org/wiki/Susan_Davis_(politician)	California 53	 Davis, SusanSusan Davis	Democratic	California State Assembly, San Diego School Board	"University of California, Berkeley
University of North Carolina at Chapel Hill"	2001	1944
74	https://en.wikipedia.org/wiki/Diana_DeGette	Colorado 1	 DeGette, DianaDiana DeGette	Democratic	Colorado House of Representatives	Colorado College	1997	1957
75	https://en.wikipedia.org/wiki/Jared_Polis	Colorado 2	 Polis, JaredJared Polis	Democratic	Colorado State Board of Education, Internet Executive	Princeton University	2009	1975
76	https://en.wikipedia.org/wiki/Scott_Tipton	Colorado 3	 Tipton, ScottScott Tipton	Republican	Colorado House of Representatives	Fort Lewis College	2011	1956
77	https://en.wikipedia.org/wiki/Ken_Buck	Colorado 4	 Buck, KenKen Buck	Republican	Weld County District Attorney, Prosecutor U.S. Attorney's Office	Princeton University, University of Wyoming	2015	1959
78	https://en.wikipedia.org/wiki/Doug_Lamborn	Colorado 5	 Lamborn, DougDoug Lamborn	Republican	President pro tempore of the Colorado Senate, Colorado House of Representatives	University of Kansas	2007	1954
79	https://en.wikipedia.org/wiki/Mike_Coffman	Colorado 6	 Coffman, MikeMike Coffman	Republican	Secretary of State of Colorado, Colorado State Treasurer, Colorado Senate, Colorado House of Representatives	University of Colorado	2009	1955
80	https://en.wikipedia.org/wiki/Ed_Perlmutter	Colorado 7	 Perlmutter, EdEd Perlmutter	Democratic	Colorado Senate	University of Colorado	2007	1953
81	https://en.wikipedia.org/wiki/John_B._Larson	Connecticut 1	 Larson, John B.John B. Larson	Democratic	Connecticut Senate, East Hartford, Connecticut City Council, East Hartford, Connecticut Board of Education	Central Connecticut State University	1999	1948
82	https://en.wikipedia.org/wiki/Joe_Courtney_(politician)	Connecticut 2	 Courtney, JoeJoe Courtney	Democratic	Connecticut House of Representatives	Tufts University	2007	1953
83	https://en.wikipedia.org/wiki/Rosa_DeLauro	Connecticut 3	 DeLauro, RosaRosa DeLauro	Democratic	Executive Director of EMILY's List, Political aide	Marymount College	1991	1943
84	https://en.wikipedia.org/wiki/Jim_Himes	Connecticut 4	 Himes, JimJim Himes	Democratic	Financial executive, Greenwich Housing Authority Board	"Harvard University
University of Oxford"	2009	1966
85	https://en.wikipedia.org/wiki/Elizabeth_Esty	Connecticut 5	 Esty, ElizabethElizabeth Esty	Democratic	Connecticut House of Representatives	"Harvard University
Yale University"	2013	1959
86	https://en.wikipedia.org/wiki/John_Carney_(politician)	Delaware At Large	 Carney, JohnJohn Carney	Democratic	Lieutenant Governor of Delaware, Delaware Secretary of Finance	"Dartmouth College
University of Delaware"	2011	1956
87	https://en.wikipedia.org/wiki/Jeff_Miller_(Florida_politician)	Florida 1	 Miller, JeffJeff Miller	Republican	Florida House of Representatives, Santa Rosa County, Florida Deputy Sheriff	University of Florida	2001	1959
88	https://en.wikipedia.org/wiki/Gwen_Graham	Florida 2	 Graham, GwenGwen Graham	Democratic	Attorney, Leon County School Administrator	"University of North Carolina at Chapel Hill
Washington College of Law"	2015	1963
89	https://en.wikipedia.org/wiki/Ted_Yoho	Florida 3	 Yoho, TedTed Yoho	Republican	Veterinarian	University of Florida	2013	1955
90	https://en.wikipedia.org/wiki/Ander_Crenshaw	Florida 4	 Crenshaw, AnderAnder Crenshaw	Republican	Florida Senate, Florida House of Representatives	"University of Georgia
University of Florida"	2001	1944
91	https://en.wikipedia.org/wiki/Corrine_Brown	Florida 5	 Brown, CorrineCorrine Brown	Democratic	Florida House of Representatives	Florida A&M University	1993	1946
92	https://en.wikipedia.org/wiki/Ron_DeSantis	Florida 6	 DeSantis, RonRon DeSantis	Republican	Prosecutor U.S. Attorney's Office, U.S. Navy	"Yale University
Harvard Law School"	2013	1978
93	https://en.wikipedia.org/wiki/John_Mica	Florida 7	 Mica, JohnJohn Mica	Republican	Florida House of Representatives	University of Florida	1993	1943
94	https://en.wikipedia.org/wiki/Bill_Posey	Florida 8	 Posey, BillBill Posey	Republican	Florida Senate, Florida House of Representatives, Rockledge, Florida City Council	Nova Southeastern University	2009	1947
95	https://en.wikipedia.org/wiki/Alan_Grayson	Florida 9	 Grayson, AlanAlan Grayson	Democratic	U.S. House	Harvard University	2013	1958
96	https://en.wikipedia.org/wiki/Daniel_Webster_(Florida_politician)	Florida 10	 Webster, DanielDaniel Webster	Republican	Florida Senate, Speaker of the Florida House of Representatives	Georgia Institute of Technology	2011	1949
97	https://en.wikipedia.org/wiki/Rich_Nugent	Florida 11	 Nugent, RichRich Nugent	Republican	Sheriff of Hernando County, Florida	"Saint Leo University
Troy University"	2011	1951
98	https://en.wikipedia.org/wiki/Gus_Bilirakis	Florida 12	 Bilirakis, GusGus Bilirakis	Republican	Florida House of Representatives	"University of Florida
Stetson University College of Law"	2007	1963
99	https://en.wikipedia.org/wiki/David_Jolly	Florida 13	 Jolly, DavidDavid Jolly	Republican	Attorney, general counsel to former Congressman Bill Young	"Emory University
George Mason University School of Law"	2014*	1972
100	https://en.wikipedia.org/wiki/Kathy_Castor	Florida 14	 Castor, KathyKathy Castor	Democratic	Assistant General Counsel to the Florida Department of Community Affairs, President of the Florida Association of Women Lawyers, Hillsborough County, Florida Board of Commissioners	Emory University	2007	1966
101	https://en.wikipedia.org/wiki/Dennis_A._Ross	Florida 15	 Ross, DennisDennis Ross	Republican	Florida House of Representatives	"Auburn University
Cumberland School of Law"	2011	1959
102	https://en.wikipedia.org/wiki/Vern_Buchanan	Florida 16	 Buchanan, VernVern Buchanan	Republican	Auto Dealer	Cleary University	2007	1951
103	https://en.wikipedia.org/wiki/Tom_Rooney_(politician)	Florida 17	 Rooney, TomTom Rooney	Republican	Criminal Prosecutor Florida Department of Justice, Attorney	"Washington & Jefferson College
University of Florida"	2009	1970
104	https://en.wikipedia.org/wiki/Patrick_Murphy_(Florida_politician)	Florida 18	 Murphy, PatrickPatrick Murphy	Democratic	Accountant	University of Miami	2013	1983
105	https://en.wikipedia.org/wiki/Curt_Clawson	Florida 19	 Clawson, CurtCurt Clawson	Republican	Automotive Executive	"Purdue University
Harvard Business School"	2014*	1959
106	https://en.wikipedia.org/wiki/Alcee_Hastings	Florida 20	 Hastings, AlceeAlcee Hastings	Democratic	Judge of the United States District Court for the Southern District of Florida	Fisk University	1993	1936
107	https://en.wikipedia.org/wiki/Ted_Deutch	Florida 21	 Deutch, TedTed Deutch	Democratic	Florida Senate	"University of Michigan
University of Michigan Law School"	2010*	1966
108	https://en.wikipedia.org/wiki/Lois_Frankel	Florida 22	 Frankel, LoisLois Frankel	Democratic	Mayor of West Palm Beach, Florida House of Representatives	"Boston University
Georgetown University Law Center"	2013	1948
109	https://en.wikipedia.org/wiki/Debbie_Wasserman_Schultz	Florida 23	 Wasserman Schultz, DebbieDebbie Wasserman Schultz	Democratic	Florida Senate, Florida House of Representatives	University of Florida	2005	1966
110	https://en.wikipedia.org/wiki/Frederica_Wilson	Florida 24	 Wilson, FredericaFrederica Wilson	Democratic	Florida Senate, Florida House of Representatives, Miami-Dade County Public Schools Board	"Fisk University
University of Miami"	2011	1942
111	https://en.wikipedia.org/wiki/Mario_D%C3%ADaz-Balart	Florida 25	 Díaz-Balart, MarioMario Díaz-Balart	Republican	Florida Senate, Florida House of Representatives	University of South Florida	2003	1961
112	https://en.wikipedia.org/wiki/Carlos_Curbelo_(politician)	Florida 26	 Curbelo, CarlosCarlos Curbelo	Republican	Public administrator, Miami-Dade County Public Schools Board	University of Miami	2015	1980
113	https://en.wikipedia.org/wiki/Ileana_Ros-Lehtinen	Florida 27	 Ros-Lehtinen, IleanaIleana Ros-Lehtinen	Republican	Florida Senate, Florida House of Representatives	"Florida International University
University of Miami"	1989*	1952
114	https://en.wikipedia.org/wiki/Buddy_Carter	Georgia 1	 Carter, BuddyBuddy Carter	Republican	Georgia State Senate, Georgia House of Representatives, Mayor of Pooler	"Young Harris College
University of Georgia"	2015	1957
115	https://en.wikipedia.org/wiki/Sanford_Bishop	Georgia 2	 Bishop, SanfordSanford Bishop	Democratic	Georgia State Senate, Georgia House of Representatives	Morehouse College	1993	1947
116	https://en.wikipedia.org/wiki/Lynn_Westmoreland	Georgia 3	 Westmoreland, LynnLynn Westmoreland	Republican	Georgia House of Representatives	Georgia State University	2003	1950
117	https://en.wikipedia.org/wiki/Hank_Johnson	Georgia 4	 Johnson, HankHank Johnson	Democratic	DeKalb County, Georgia Commissioner, Associate Magistrate Judge	Clark Atlanta University	2007	1954
118	https://en.wikipedia.org/wiki/John_Lewis_(Georgia_politician)	Georgia 5	 Lewis, JohnJohn Lewis	Democratic	Atlanta City Council, Chairman of the Student Nonviolent Coordinating Committee	American Baptist Theological Seminary	1987	1940
119	https://en.wikipedia.org/wiki/Tom_Price_(U.S._politician)	Georgia 6	 Price, TomTom Price	Republican	Physician, Georgia State Senate	University of Michigan	2005	1954
120	https://en.wikipedia.org/wiki/Rob_Woodall	Georgia 7	 Woodall, RobRob Woodall	Republican	Political aide, Attorney	"Furman University
University of Georgia"	2011	1970
121	https://en.wikipedia.org/wiki/Austin_Scott_(politician)	Georgia 8	 Scott, AustinAustin Scott	Republican	Georgia House of Representatives	University of Georgia	2011	1969
122	https://en.wikipedia.org/wiki/Doug_Collins_(politician)	Georgia 9	 Collins, DougDoug Collins	Republican	Georgia House of Representatives	"North Georgia College
New Orleans Baptist Theological Seminary"	2013	1966
123	https://en.wikipedia.org/wiki/Jody_Hice	Georgia 10	 Hice, JodyJody Hice	Republican	Radio show host, Southern Baptist pastor	"Asbury University
Southwestern Baptist Theological Seminary
Luther Rice Seminary"	2015	1960
124	https://en.wikipedia.org/wiki/Barry_Loudermilk	Georgia 11	 Loudermilk, BarryBarry Loudermilk	Republican	Georgia State Senate, Georgia House of Representatives	"U.S. Air Force Community College
Wayland Baptist University"	2015	1963
125	https://en.wikipedia.org/wiki/Rick_W._Allen	Georgia 12	 Allen, Rick W.Rick W. Allen	Republican	Businessman	Auburn University	2015	1951
126	https://en.wikipedia.org/wiki/David_Scott_(Georgia_politician)	Georgia 13	 Scott, DavidDavid Scott	Democratic	Georgia State Senate, Georgia House of Representatives	Florida A&M University	2003	1946
127	https://en.wikipedia.org/wiki/Tom_Graves	Georgia 14	 Graves, TomTom Graves	Republican	Georgia House of Representatives,	University of Georgia	2010*	1970
128	https://en.wikipedia.org/wiki/Colleen_Hanabusa	Hawaii 1	 Hanabusa, ColleenColleen Hanabusa	Democratic	Hawaii Senate	University of Hawaii at Manoa	2016	1951
129	https://en.wikipedia.org/wiki/Tulsi_Gabbard	Hawaii 2	 Gabbard, TulsiTulsi Gabbard	Democratic	Honolulu City Council, Hawaii House of Representatives	"Hawaii Pacific University
Officer Candidate School"	2013	1981
130	https://en.wikipedia.org/wiki/Ra%C3%BAl_Labrador	Idaho 1	 Labrador, RaúlRaúl Labrador	Republican	Idaho House of Representatives	"Brigham Young University
University of Washington"	2011	1967
131	https://en.wikipedia.org/wiki/Mike_Simpson	Idaho 2	 Simpson, MikeMike Simpson	Republican	Speaker of the Idaho House of Representatives, Blackfoot, Idaho City Council	Utah State University	1999	1950
132	https://en.wikipedia.org/wiki/Bobby_Rush	Illinois 1	 Rush, BobbyBobby Rush	Democratic	Chicago City Council	"Roosevelt University
University of Illinois
McCormick Theological Seminary"	1993	1946
133	https://en.wikipedia.org/wiki/Robin_Kelly	Illinois 2	 Kelly, RobinRobin Kelly	Democratic	Illinois House of Representatives, Chief of Staff to the Illinois Treasurer, Chief Administrative Officer to the Cook County President	"Bradley University
Northern Illinois University"	2013*	1956
134	https://en.wikipedia.org/wiki/Dan_Lipinski	Illinois 3	 Lipinski, DanDan Lipinski	Democratic	Member of the University of Notre Dame and University of Tennessee Faculty	"Northwestern University
Stanford University
Duke University"	2005	1966
135	https://en.wikipedia.org/wiki/Luis_Guti%C3%A9rrez	Illinois 4	 Gutiérrez, LuisLuis Gutiérrez	Democratic	Chicago City Council	Northeastern Illinois University	1993	1953
136	https://en.wikipedia.org/wiki/Mike_Quigley_(politician)	Illinois 5	 Quigley, MikeMike Quigley	Democratic	Cook County Board of Commissioners	"Roosevelt University
Loyola University Chicago School of Law
University of Chicago"	2009*	1959
137	https://en.wikipedia.org/wiki/Peter_Roskam	Illinois 6	 Roskam, PeterPeter Roskam	Republican	Illinois Senate, Illinois House of Representatives	"University of Illinois
Chicago–Kent College of Law"	2007	1961
138	https://en.wikipedia.org/wiki/Danny_K._Davis	Illinois 7	 Davis, Danny K.Danny K. Davis	Democratic	Chicago City Council, Cook County Board of Commissioners	"University of Arkansas at Pine Bluff
Chicago State University
Union Institute and University"	1997	1941
139	https://en.wikipedia.org/wiki/Tammy_Duckworth	Illinois 8	 Duckworth, TammyTammy Duckworth	Democratic	Assistant Secretary of the Department of Veterans Affairs for Public and Intergovernmental Affairs	"University of Hawaiʻi at Mānoa
George Washington University
Northern Illinois University"	2013	1968
140	https://en.wikipedia.org/wiki/Jan_Schakowsky	Illinois 9	 Schakowsky, JanJan Schakowsky	Democratic	Illinois House of Representatives	University of Illinois	1999	1944
141	https://en.wikipedia.org/wiki/Robert_Dold	Illinois 10	 Dold, RobertRobert Dold	Republican	U.S. House	"Denison University
Indiana University
Kellogg School of Management"	2015	1969
142	https://en.wikipedia.org/wiki/Bill_Foster_(politician)	Illinois 11	 Foster, BillBill Foster	Democratic	U.S. House	"University of Wisconsin–Madison
Harvard University"	2013	1955
143	https://en.wikipedia.org/wiki/Mike_Bost	Illinois 12	 Bost, MikeMike Bost	Republican	Illinois House of Representatives	University of Illinois	2015	1960
144	https://en.wikipedia.org/wiki/Rodney_Davis_(politician)	Illinois 13	 Davis, RodneyRodney Davis	Republican	Congressional Staffer	Millikin University	2013	1970
145	https://en.wikipedia.org/wiki/Randy_Hultgren	Illinois 14	 Hultgren, RandyRandy Hultgren	Republican	Illinois Senate, Illinois House of Representatives, Dupage County, Illinois Board of Commissioners	"Bethel University
Chicago-Kent College of Law"	2011	1966
146	https://en.wikipedia.org/wiki/John_Shimkus	Illinois 15	 Shimkus, JohnJohn Shimkus	Republican	Madison County, Illinois Treasurer	"United States Military Academy
Southern Illinois University"	1997	1958
147	https://en.wikipedia.org/wiki/Adam_Kinzinger	Illinois 16	 Kinzinger, AdamAdam Kinzinger	Republican	McLean County, Illinois Board of Commissioners	Illinois State University	2011	1978
148	https://en.wikipedia.org/wiki/Cheri_Bustos	Illinois 17	 Bustos, CheriCheri Bustos	Democratic	East Moline City Council	"University of Maryland
University of Illinois at Springfield"	2013	1961
149	https://en.wikipedia.org/wiki/Darin_LaHood	Illinois 18	 LaHood, DarinDarin LaHood	Republican	Illinois Senate, Prosecutor U.S. Attorney's Office, Deputy Prosecutor Tazewell County, Illinois	"John Marshall Law School
Loras College"	2015*	1968
150	https://en.wikipedia.org/wiki/Pete_Visclosky	Indiana 1	 Visclosky, PetePete Visclosky	Democratic	Attorney, Congressional aide	"Indiana University Northwest
University of Notre Dame
Georgetown University"	1985	1949
151	https://en.wikipedia.org/wiki/Jackie_Walorski	Indiana 2	 Walorski, JackieJackie Walorski	Republican	Indiana House of Representatives	"Liberty Baptist College
Taylor University"	2013	1963
152	https://en.wikipedia.org/wiki/Marlin_Stutzman	Indiana 3	 Stutzman, MarlinMarlin Stutzman	Republican	Indiana Senate, Indiana House of Representatives	"Glen Oaks Community College
Trine University"	2010*	1976
153	https://en.wikipedia.org/wiki/Todd_Rokita	Indiana 4	 Rokita, ToddTodd Rokita	Republican	Indiana Secretary of State	"Wabash College
Indiana University Robert H. McKinney School of Law"	2011	1970
154	https://en.wikipedia.org/wiki/Susan_Brooks	Indiana 5	 Brooks, SusanSusan Brooks	Republican	U.S. Attorney for Southern Indiana, Deputy Mayor of Indianapolis	"Miami University of Ohio
Indiana University Robert H. McKinney School of Law"	2013	1960
155	https://en.wikipedia.org/wiki/Luke_Messer	Indiana 6	 Messer, LukeLuke Messer	Republican	Indiana House of Representatives	"Wabash College
Vanderbilt University Law School"	2013	1969
156	https://en.wikipedia.org/wiki/Andr%C3%A9_Carson	Indiana 7	 Carson, AndréAndré Carson	Democratic	Indianapolis City-County Council	"Concordia University Wisconsin
Indiana Wesleyan University"	2008*	1974
157	https://en.wikipedia.org/wiki/Larry_Bucshon	Indiana 8	 Bucshon, LarryLarry Bucshon	Republican	Heart Surgeon	"University of Illinois at Urbana-Champaign
University of Illinois Medical School"	2011	1962
158	https://en.wikipedia.org/wiki/Todd_Young	Indiana 9	 Young, ToddTodd Young	Republican	Deputy Prosecutor for Orange County, Indiana, President of the Orange County, Indiana Bar Association	"United States Naval Academy
University of Chicago
University of London
Indiana University"	2011	1972
159	https://en.wikipedia.org/wiki/Rod_Blum	Iowa 1	 Blum, RodRod Blum	Republican	Businessman	"Loras College
University of Dubuque"	2015	1955
160	https://en.wikipedia.org/wiki/Dave_Loebsack	Iowa 2	 Loebsack, DaveDave Loebsack	Democratic	Professor	Iowa State University	2007	1952
161	https://en.wikipedia.org/wiki/David_Young_(Iowa_politician)	Iowa 3	 Young, DavidDavid Young	Republican	Congressional aide	Drake University	2015	1968
162	https://en.wikipedia.org/wiki/Steve_King	Iowa 4	 King, SteveSteve King	Republican	Iowa Senate	Northwest Missouri State University	2003	1949
163	https://en.wikipedia.org/wiki/Tim_Huelskamp	Kansas 1	 Huelskamp, TimTim Huelskamp	Republican	Kansas Senate	"College of Santa Fe
American University"	2011	1968
164	https://en.wikipedia.org/wiki/Lynn_Jenkins	Kansas 2	 Jenkins, LynnLynn Jenkins	Republican	Kansas State Treasurer, Kansas Senate, Kansas House of Representatives	"Kansas State University
Weber State College"	2009	1963
165	https://en.wikipedia.org/wiki/Kevin_Yoder	Kansas 3	 Yoder, KevinKevin Yoder	Republican	Kansas House of Representatives	"University of Kansas
University of Kansas Law School"	2011	1976
166	https://en.wikipedia.org/wiki/Mike_Pompeo	Kansas 4	 Pompeo, MikeMike Pompeo	Republican	Attorney	"U.S. Military Academy
Harvard Law School"	2011	1963
167	https://en.wikipedia.org/wiki/James_Comer_(politician)	Kentucky 1	 Comer, JamesJames Comer	Republican	Kentucky House of Representatives, Agriculture Commissioner of Kentucky	Western Kentucky University	2016	1972
168	https://en.wikipedia.org/wiki/Brett_Guthrie	Kentucky 2	 Guthrie, BrettBrett Guthrie	Republican	Kentucky Senate	"United States Military Academy
Yale University"	2009	1964
169	https://en.wikipedia.org/wiki/John_Yarmuth	Kentucky 3	 Yarmuth, JohnJohn Yarmuth	Democratic	Newspaper Publisher, Vice-President for University Relations University of Louisville	Yale University	2007	1947
170	https://en.wikipedia.org/wiki/Thomas_Massie	Kentucky 4	 Massie, ThomasThomas Massie	Republican	Judge-Executive of Lewis County, Kentucky	Massachusetts Institute of Technology	2012*	1971
171	https://en.wikipedia.org/wiki/Hal_Rogers	Kentucky 5	 Rogers, HalHal Rogers	Republican	Commonwealth's Attorney for Pulaski and Rockcastle County, Kentucky	University of Kentucky	1981	1937
172	https://en.wikipedia.org/wiki/Andy_Barr_(U.S._politician)	Kentucky 6	 Barr, AndyAndy Barr	Republican	Attorney	"University of Virginia
University of Kentucky College of Law"	2013	1973
173	https://en.wikipedia.org/wiki/Steve_Scalise	Louisiana 1	 Scalise, SteveSteve Scalise	Republican	"Current House Majority Whip
Louisiana State Senate, Louisiana House of Representatives"	Louisiana State University	2008	1965
174	https://en.wikipedia.org/wiki/Cedric_Richmond	Louisiana 2	 Richmond, CedricCedric Richmond	Democratic	Louisiana House of Representatives	"Morehouse College
Tulane School of Law"	2011	1973
175	https://en.wikipedia.org/wiki/Charles_Boustany	Louisiana 3	 Boustany, CharlesCharles Boustany	Republican	Heart surgeon	"University of Southwestern Louisiana
Louisiana State University"	2005	1956
176	https://en.wikipedia.org/wiki/John_Fleming_(U.S._politician)	Louisiana 4	 Fleming, JohnJohn Fleming	Republican	Webster Parish, Louisiana Coroner, Businessman, physician	University of Mississippi	2009	1951
177	https://en.wikipedia.org/wiki/Ralph_Abraham_(politician)	Louisiana 5	 Abraham, RalphRalph Abraham	Republican	Physician	"Louisiana State University
Louisiana State University School of Medicine"	2015	1954
178	https://en.wikipedia.org/wiki/Garret_Graves	Louisiana 6	 Graves, GarretGarret Graves	Republican	Louisiana Coastal Protection and Restoration Authority		2015	1972
179	https://en.wikipedia.org/wiki/Chellie_Pingree	Maine 1	 Pingree, ChellieChellie Pingree	Democratic	Majority Leader Maine State Senate, President Common Cause	College of the Atlantic	2009	1955
180	https://en.wikipedia.org/wiki/Bruce_Poliquin	Maine 2	 Poliquin, BruceBruce Poliquin	Republican	Maine State Treasurer	Harvard University	2015	1953
181	https://en.wikipedia.org/wiki/Andy_Harris_(politician)	Maryland 1	 Harris, AndyAndy Harris	Republican	Maryland State Senate, Anesthesiologist	Johns Hopkins University	2011	1957
182	https://en.wikipedia.org/wiki/Dutch_Ruppersberger	Maryland 2	 Ruppersberger, DutchDutch Ruppersberger	Democratic	Baltimore County Executive; Chief of the Office of Investigative Division for Maryland's Department of Justice; Baltimore County Assistant State's Attorney	"University of Maryland
University of Baltimore"	2003	1946
183	https://en.wikipedia.org/wiki/John_Sarbanes	Maryland 3	 Sarbanes, JohnJohn Sarbanes	Democratic	Attorney, Law Clerk	"Princeton University
Harvard Law School"	2007	1962
184	https://en.wikipedia.org/wiki/Donna_Edwards	Maryland 4	 Edwards, DonnaDonna Edwards	Democratic	Community Activist	"Wake Forest University
University of New Hampshire School of Law"	2008*	1958
185	https://en.wikipedia.org/wiki/Steny_Hoyer	Maryland 5	 Hoyer, StenySteny Hoyer	Democratic	"Current House Minority Whip
President of the Maryland State Senate, Maryland Board of Higher Education"	"University of Maryland
Georgetown University"	1981*	1939
186	https://en.wikipedia.org/wiki/John_Delaney_(Maryland_politician)	Maryland 6	 Delaney, JohnJohn Delaney	Democratic	Businessman	"Columbia University
Georgetown University Law Center"	2013	1963
187	https://en.wikipedia.org/wiki/Elijah_Cummings	Maryland 7	 Cummings, ElijahElijah Cummings	Democratic	Speaker pro tempore of the Maryland House of Delegates	"Howard University
University of Maryland"	1996*	1951
188	https://en.wikipedia.org/wiki/Chris_Van_Hollen	Maryland 8	 Van Hollen, ChrisChris Van Hollen	Democratic	Maryland State Senate, Maryland House of Delegates	"Swarthmore College
Harvard University
Georgetown University"	2003	1959
189	https://en.wikipedia.org/wiki/Richard_Neal	Massachusetts 1	 Neal, RichardRichard Neal	Democratic	Mayor of Springfield	"American International College
University of Hartford"	1989	1949
190	https://en.wikipedia.org/wiki/Jim_McGovern_(U.S._politician)	Massachusetts 2	 McGovern, JimJim McGovern	Democratic	Congressional staff member	American University	1997	1959
191	https://en.wikipedia.org/wiki/Niki_Tsongas	Massachusetts 3	 Tsongas, NikiNiki Tsongas	Democratic	Dean of External Affairs at Middlesex Community College	"Smith College
Boston University"	2007*	1946
192	https://en.wikipedia.org/wiki/Joseph_P._Kennedy_III	Massachusetts 4	 Kennedy, JoeJoe Kennedy	Democratic	Prosecutor, assistant district attorney	"Stanford University
Harvard University"	2013	1980
193	https://en.wikipedia.org/wiki/Katherine_Clark	Massachusetts 5	 Clark, KatherineKatherine Clark	Democratic	Massachusetts Senate, Massachusetts House of Representatives, Attorney	"St. Lawrence University
Cornell University
Harvard University"	2013*	1963
194	https://en.wikipedia.org/wiki/Seth_Moulton	Massachusetts 6	 Moulton, SethSeth Moulton	Democratic	Businessman, Activist, U.S. Marine Corps Captain	Harvard University	2015	1978
195	https://en.wikipedia.org/wiki/Mike_Capuano	Massachusetts 7	 Capuano, MikeMike Capuano	Democratic	Mayor of Somerville	"Dartmouth College
Boston College Law School"	1999	1952
196	https://en.wikipedia.org/wiki/Stephen_F._Lynch	Massachusetts 8	 Lynch, Stephen F.Stephen F. Lynch	Democratic	Massachusetts Senate, Massachusetts House of Representatives	"Wentworth Institute of Technology
Boston College Law School"	2001*	1955
197	https://en.wikipedia.org/wiki/Bill_Keating_(politician)	Massachusetts 9	 Keating, BillBill Keating	Democratic	Massachusetts House of Representatives, Massachusetts Senate, Norfolk County District Attorney	"Boston College
Suffolk University Law School"	2011	1952
198	https://en.wikipedia.org/wiki/Dan_Benishek	Michigan 1	 Benishek, DanDan Benishek	Republican	surgeon	"University of Michigan
Wayne State University School of Medicine"	2011	1952
199	https://en.wikipedia.org/wiki/Bill_Huizenga	Michigan 2	 Huizenga, BillBill Huizenga	Republican	Michigan House of Representatives	Calvin College	2011	1969
200	https://en.wikipedia.org/wiki/Justin_Amash	Michigan 3	 Amash, JustinJustin Amash	Republican	Michigan House of Representatives	"University of Michigan
University of Michigan Law School"	2011	1980
201	https://en.wikipedia.org/wiki/John_Moolenaar	Michigan 4	 Moolenaar, JohnJohn Moolenaar	Republican	Michigan Senate, Michigan House of Representatives	"Hope College
Harvard University"	2015	1961
202	https://en.wikipedia.org/wiki/Dan_Kildee	Michigan 5	 Kildee, DanDan Kildee	Democratic	Genessee County Treasurer	Central Michigan University	2013	1958
203	https://en.wikipedia.org/wiki/Fred_Upton	Michigan 6	 Upton, FredFred Upton	Republican	U.S. government administrator	University of Michigan	1987	1953
204	https://en.wikipedia.org/wiki/Tim_Walberg	Michigan 7	 Walberg, TimTim Walberg	Republican	U.S. House, Michigan House of Representatives	"Taylor University
Wheaton College"	2011	1951
205	https://en.wikipedia.org/wiki/Mike_Bishop_(politician)	Michigan 8	 Bishop, MikeMike Bishop	Republican	Michigan Senate Majority Leader, Michigan House of Representatives	"University of Michigan
Detroit College of Law"	2015	1967
206	https://en.wikipedia.org/wiki/Sander_M._Levin	Michigan 9	 Levin, SanderSander Levin	Democratic	Michigan Senate, U.S. Government administrator	"University of Chicago
Columbia University
Harvard Law School"	1983	1931
207	https://en.wikipedia.org/wiki/Candice_Miller	Michigan 10	 Miller, CandiceCandice Miller	Republican	Harrison Township Supervisor, Macomb County Treasurer, Michigan Secretary of State	"Macomb Community College
Northwood University"	2003	1954
208	https://en.wikipedia.org/wiki/David_Trott	Michigan 11	 Trott, DavidDavid Trott	Republican	Lawyer	"University of Michigan
Duke University School of Law"	2015	1960
209	https://en.wikipedia.org/wiki/Debbie_Dingell	Michigan 12	 Dingell, DebbieDebbie Dingell	Democratic	Lobbyist, Wife of John Dingell	Georgetown University	2015	1953
210	https://en.wikipedia.org/wiki/John_Conyers	Michigan 13	 Conyers, JohnJohn Conyers	Democratic	Congressional aide	Wayne State University	1965	1929
211	https://en.wikipedia.org/wiki/Brenda_Lawrence	Michigan 14	 Lawrence, BrendaBrenda Lawrence	Democratic	Mayor of Southfield	Central Michigan University	2015	1954
212	https://en.wikipedia.org/wiki/Tim_Walz	Minnesota 1	 Walz, TimTim Walz	Democratic	Army National Guard Command Sergeant Major, teacher	Chadron State College	2007	1964
213	https://en.wikipedia.org/wiki/John_Kline_(politician)	Minnesota 2	 Kline, JohnJohn Kline	Republican	U.S. Marine Corps Colonel	"Rice University
Shippensburg University"	2003	1947
214	https://en.wikipedia.org/wiki/Erik_Paulsen	Minnesota 3	 Paulsen, ErikErik Paulsen	Republican	Majority Leader of the Minnesota House of Representatives	St. Olaf College	2009	1965
215	https://en.wikipedia.org/wiki/Betty_McCollum	Minnesota 4	 McCollum, BettyBetty McCollum	Democratic	North St. Paul City Council, Minnesota House of Representatives	College of St. Catherine	2001	1954
216	https://en.wikipedia.org/wiki/Keith_Ellison	Minnesota 5	 Ellison, KeithKeith Ellison	Democratic	Minnesota House of Representatives	"Wayne State University
University of Minnesota Law School"	2007	1963
217	https://en.wikipedia.org/wiki/Tom_Emmer	Minnesota 6	 Emmer, TomTom Emmer	Republican	Minnesota House of Representatives	"University of Alaska Fairbanks
William Mitchell College of Law"	2015	1961
218	https://en.wikipedia.org/wiki/Collin_Peterson	Minnesota 7	 Peterson, CollinCollin Peterson	Democratic	Certified Public Accountant, Minnesota Senate	Moorhead State University	1991	1944
219	https://en.wikipedia.org/wiki/Rick_Nolan	Minnesota 8	 Nolan, RickRick Nolan	Democratic	Minnesota House of Representatives, U.S. House, businessman	"St. John's University
University of Minnesota
University of Maryland
St. Cloud State University"	2013	1943
220	https://en.wikipedia.org/wiki/Trent_Kelly_(politician)	Mississippi 1	 Kelly, TrentTrent Kelly	Republican	District attorney, Tupelo, city prosecutor, Army National Guard Colonel	"University of Mississippi
U.S. Army War College"	2015*	1966
221	https://en.wikipedia.org/wiki/Bennie_Thompson	Mississippi 2	 Thompson, BennieBennie Thompson	Democratic	alderman, mayor of Bolton, Hinds County Board of Supervisors	"Tougaloo College
Jackson State University"	1993*	1948
222	https://en.wikipedia.org/wiki/Gregg_Harper	Mississippi 3	 Harper, GreggGregg Harper	Republican	Attorney, Rankin County Party Chairman	"Mississippi College
University of Mississippi"	2009	1956
223	https://en.wikipedia.org/wiki/Steven_Palazzo	Mississippi 4	 Palazzo, StevenSteven Palazzo	Republican	Mississippi House of Representatives	University of Southern Mississippi	2011	1970
224	https://en.wikipedia.org/wiki/William_Lacy_Clay,_Jr.	Missouri 1	 Clay, WilliamWilliam Clay	Democratic	Missouri Senate, Missouri House of Representatives	"University of Maryland
Harvard University"	2001	1956
225	https://en.wikipedia.org/wiki/Ann_Wagner	Missouri 2	 Wagner, AnnAnn Wagner	Republican	U.S. Ambassador to Luxembourg	University of Missouri	2013	1962
226	https://en.wikipedia.org/wiki/Blaine_Luetkemeyer	Missouri 3	 Luetkemeyer, BlaineBlaine Luetkemeyer	Republican	Missouri House of Representatives, State Tourism Director	Lincoln University	2009	1960
227	https://en.wikipedia.org/wiki/Vicky_Hartzler	Missouri 4	 Hartzler, VickyVicky Hartzler	Republican	Missouri House of Representatives	"University of Missouri
Central Missouri State University"	2011	1960
228	https://en.wikipedia.org/wiki/Emanuel_Cleaver	Missouri 5	 Cleaver, EmanuelEmanuel Cleaver	Democratic	Mayor of Kansas City, pastor, radio show host	"Prairie View A&M University
St. Paul School of Theology"	2005	1944
229	https://en.wikipedia.org/wiki/Sam_Graves	Missouri 6	 Graves, SamSam Graves	Republican	Missouri Senate	University of Missouri	2001	1963
230	https://en.wikipedia.org/wiki/Billy_Long	Missouri 7	 Long, BillyBilly Long	Republican	auctioneer	National Auctioneers Association Education Institute	2011	1955
231	https://en.wikipedia.org/wiki/Jason_T._Smith	Missouri 8	 Smith, Jason T.Jason T. Smith	Republican	Missouri House of Representatives	University of Missouri	2013*	1980
232	https://en.wikipedia.org/wiki/Ryan_Zinke	Montana AL	 Zinke, RyanRyan Zinke	Republican	Montana Senate, U.S. Navy Commander	"University of Oregon
National University
University of San Diego"	2015	1961
233	https://en.wikipedia.org/wiki/Jeff_Fortenberry	Nebraska 1	 Fortenberry, JeffJeff Fortenberry	Republican	Lincoln city council, businessman	"Louisiana State University
Georgetown University
Franciscan University of Steubenville"	2005	1960
234	https://en.wikipedia.org/wiki/Brad_Ashford	Nebraska 2	 Ashford, BradBrad Ashford	Democratic	Nebraska Legislature	"Colgate University
Creighton University School of Law"	2015	1949
235	https://en.wikipedia.org/wiki/Adrian_Smith_(politician)	Nebraska 3	 Smith, AdrianAdrian Smith	Republican	Gering City Council, Nebraska Legislature	University of Nebraska	2007	1970
236	https://en.wikipedia.org/wiki/Dina_Titus	Nevada 1	 Titus, DinaDina Titus	Democratic	U.S. House, Nevada Senate	"College of William & Mary
University of Georgia
Florida State University"	2013	1950
237	https://en.wikipedia.org/wiki/Mark_Amodei	Nevada 2	 Amodei, MarkMark Amodei	Republican	Nevada Senate, Nevada Assembly	"University of Nevada, Reno
University of the Pacific"	2011*	1958
238	https://en.wikipedia.org/wiki/Joe_Heck	Nevada 3	 Heck, JoeJoe Heck	Republican	Nevada Senate	"Pennsylvania State University
Philadelphia College of Osteopathic Medicine
U.S. Army War College"	2011	1961
239	https://en.wikipedia.org/wiki/Cresent_Hardy	Nevada 4	 Hardy, CresentCresent Hardy	Republican	Nevada Assembly	Dixie State College	2015	1957
240	https://en.wikipedia.org/wiki/Frank_Guinta	New Hampshire 1	 Guinta, FrankFrank Guinta	Republican	U.S. House, Mayor of Manchester, New Hampshire House of Representatives	"Assumption College
Franklin Pierce Law Center"	2015	1970
241	https://en.wikipedia.org/wiki/Ann_McLane_Kuster	New Hampshire 2	 McLane Kuster, AnnAnn McLane Kuster	Democratic	Attorney, lobbyist	"Dartmouth College
Georgetown University Law Center"	2013	1956
242	https://en.wikipedia.org/wiki/Donald_Norcross	New Jersey 1	 Norcross, DonaldDonald Norcross	Democratic	New Jersey Senate, New Jersey General Assembly	Camden County College	2014*	1958
243	https://en.wikipedia.org/wiki/Frank_LoBiondo	New Jersey 2	 LoBiondo, FrankFrank LoBiondo	Republican	New Jersey General Assembly	St. Joseph's University	2003	1946
244	https://en.wikipedia.org/wiki/Tom_MacArthur	New Jersey 3	 MacArthur, TomTom MacArthur	Republican	Mayor of Randolph	Hofstra University	2015	1960
245	https://en.wikipedia.org/wiki/Chris_Smith_(New_Jersey_politician)	New Jersey 4	 Smith, ChrisChris Smith	Republican	Retail executive	Trenton State College	1981	1953
246	https://en.wikipedia.org/wiki/Scott_Garrett	New Jersey 5	 Garrett, ScottScott Garrett	Republican	New Jersey General Assembly	"Montclair State University
Rutgers University"	2003	1959
247	https://en.wikipedia.org/wiki/Frank_Pallone	New Jersey 6	 Pallone, FrankFrank Pallone	Democratic	Long Branch city council, New Jersey Senate	"Middlebury College
Tufts University
Rutgers University"	1988*	1951
248	https://en.wikipedia.org/wiki/Leonard_Lance	New Jersey 7	 Lance, LeonardLeonard Lance	Republican	New Jersey Senate, New Jersey General Assembly	"Lehigh University
Vanderbilt University
Princeton University"	2009	1952
249	https://en.wikipedia.org/wiki/Albio_Sires	New Jersey 8	 Sires, AlbioAlbio Sires	Democratic	Mayor of West New York, Speaker of the New Jersey General Assembly	"Saint Peter's College
Middlebury College"	2006*	1951
250	https://en.wikipedia.org/wiki/Bill_Pascrell	New Jersey 9	 Pascrell, BillBill Pascrell	Democratic	New Jersey General Assembly, Mayor of Paterson	Fordham University	1997	1937
251	https://en.wikipedia.org/wiki/Donald_Payne,_Jr.	New Jersey 10	 Payne, Jr., DonaldDonald Payne, Jr.	Democratic	Newark Municipal Council, Essex County Freeholder	Kean University	2012*	1958
252	https://en.wikipedia.org/wiki/Rodney_Frelinghuysen	New Jersey 11	 Frelinghuysen, RodneyRodney Frelinghuysen	Republican	New Jersey General Assembly	Hobart College	1995	1946
253	https://en.wikipedia.org/wiki/Bonnie_Watson_Coleman	New Jersey 12	 Watson Coleman, BonnieBonnie Watson Coleman	Democratic	New Jersey General Assembly Majority Leader	Thomas Edison State College	2015	1945
254	https://en.wikipedia.org/wiki/Michelle_Lujan_Grisham	New Mexico 1	 Lujan Grisham, MichelleMichelle Lujan Grisham	Democratic	Bernalillo County Commissioner, New Mexico Secretary of Health, Director of New Mexico Agency on Aging	"University of New Mexico
University of New Mexico School of Law"	2013	1959
255	https://en.wikipedia.org/wiki/Steve_Pearce_(politician)	New Mexico 2	 Pearce, SteveSteve Pearce	Republican	U.S. House, New Mexico House of Representatives	"New Mexico State University
Eastern New Mexico University"	2011	1947
256	https://en.wikipedia.org/wiki/Ben_R._Luj%C3%A1n	New Mexico 3	 Luján, BenBen Luján	Democratic	New Mexico Public Regulation Commissioner	New Mexico Highlands University	2009	1972
257	https://en.wikipedia.org/wiki/Lee_Zeldin	New York 1	 Zeldin, LeeLee Zeldin	Republican	New York Senate	"University at Albany, SUNY
Albany Law School"	2015	1980
258	https://en.wikipedia.org/wiki/Peter_T._King	New York 2	 King, PeterPeter King	Republican	Hempstead Town Council, Nassau County Comptroller	"St. Francis College
University of Notre Dame"	1993	1944
259	https://en.wikipedia.org/wiki/Steve_Israel	New York 3	 Israel, SteveSteve Israel	Democratic	Huntington Town Board	George Washington University	2001	1958
260	https://en.wikipedia.org/wiki/Kathleen_Rice	New York 4	 Rice, KathleenKathleen Rice	Democratic	Nassau County District Attorney	"Catholic University
Touro Law Center"	2015	1965
261	https://en.wikipedia.org/wiki/Gregory_Meeks	New York 5	 Meeks, GregoryGregory Meeks	Democratic	New York State Assembly	"Adelphi University
Howard University"	1998*	1953
262	https://en.wikipedia.org/wiki/Grace_Meng	New York 6	 Meng, GraceGrace Meng	Democratic	New York State Assembly	"University of Michigan
Benjamin N. Cardozo School of Law"	2013	1975
263	https://en.wikipedia.org/wiki/Nydia_Vel%C3%A1zquez	New York 7	 Velázquez, NydiaNydia Velázquez	Democratic	Director, Dept. of Puerto Rican Community Affairs	"University of Puerto Rico
New York University"	1993	1953
264	https://en.wikipedia.org/wiki/Hakeem_Jeffries	New York 8	 Jeffries, HakeemHakeem Jeffries	Democratic	New York State Assembly	"New York University School of Law
Georgetown University
Binghamton University"	2013	1970
265	https://en.wikipedia.org/wiki/Yvette_Clarke	New York 9	 Clarke, YvetteYvette Clarke	Democratic	New York City Council	Oberlin College	2007	1964
266	https://en.wikipedia.org/wiki/Jerrold_Nadler	New York 10	 Nadler, JerroldJerrold Nadler	Democratic	New York State Assembly	"Columbia University
Fordham University"	1992*	1947
267	https://en.wikipedia.org/wiki/Dan_Donovan_(politician)	New York 11	 Donovan, DanielDaniel Donovan	Republican	Richmond County District Attorney	"St. John's University
Fordham University"	2015*	1956
268	https://en.wikipedia.org/wiki/Carolyn_Maloney	New York 12	 Maloney, CarolynCarolyn Maloney	Democratic	New York City Council	Greensboro College	1993	1948
269	https://en.wikipedia.org/wiki/Charles_B._Rangel	New York 13	 Rangel, CharlesCharles Rangel	Democratic	United States Army Sergeant, attorney, New York State Assembly	"New York University
St. John's University"	1971	1930
270	https://en.wikipedia.org/wiki/Joseph_Crowley	New York 14	 Crowley, JosephJoseph Crowley	Democratic	New York State Assembly	Queens College	1999	1962
271	https://en.wikipedia.org/wiki/Jos%C3%A9_E._Serrano	New York 15	 Serrano, JoséJosé Serrano	Democratic	New York State Assembly	Lehman College	1990*	1943
272	https://en.wikipedia.org/wiki/Eliot_Engel	New York 16	 Engel, EliotEliot Engel	Democratic	high school teacher, New York State Assembly	"Lehman College
New York Law School"	1989	1947
273	https://en.wikipedia.org/wiki/Nita_Lowey	New York 17	 Lowey, NitaNita Lowey	Democratic	New York Assistant Secretary of State	Mount Holyoke College	1989	1937
274	https://en.wikipedia.org/wiki/Sean_Patrick_Maloney	New York 18	 Maloney, Sean PatrickSean Patrick Maloney	Democratic	Attorney	University of Virginia	2013	1966
275	https://en.wikipedia.org/wiki/Chris_Gibson_(New_York_politician)	New York 19	 Gibson, ChrisChris Gibson	Republican	United States Army	"Siena College
Cornell University"	2011	1964
276	https://en.wikipedia.org/wiki/Paul_Tonko	New York 20	 Tonko, PaulPaul Tonko	Democratic	New York State Assembly	Clarkson University	2009	1949
277	https://en.wikipedia.org/wiki/Elise_Stefanik	New York 21	 Stefanik, EliseElise Stefanik	Republican	Civil servant, Political activist	Harvard University	2015	1984
278	https://en.wikipedia.org/wiki/Richard_L._Hanna	New York 22	 Hanna, RichardRichard Hanna	Republican	businessman	Reed College	2011	1951
279	https://en.wikipedia.org/wiki/Tom_Reed_(politician)	New York 23	 Reed, TomTom Reed	Republican	Mayor of Corning	"Alfred University
Ohio Northern University, Pettit College of Law"	2010*	1971
280	https://en.wikipedia.org/wiki/John_Katko	New York 24	 Katko, JohnJohn Katko	Republican	Attorney, Prosecutor U.S. Attorney's Office	"Niagara University
Syracuse University College of Law"	2015	1962
281	https://en.wikipedia.org/wiki/Louise_Slaughter	New York 25	 Slaughter, LouiseLouise Slaughter	Democratic	Monroe County Legislature, New York State Assembly	University of Kentucky	1987	1929
282	https://en.wikipedia.org/wiki/Brian_Higgins	New York 26	 Higgins, BrianBrian Higgins	Democratic	Buffalo Common Council, New York State Assembly	"University at Buffalo
Harvard University"	2005	1959
283	https://en.wikipedia.org/wiki/Chris_Collins_(American_politician)	New York 27	 Collins, ChrisChris Collins	Republican	Erie County Executive	"North Carolina State University
University of Alabama at Birmingham"	2013	1950
284	https://en.wikipedia.org/wiki/G._K._Butterfield	North Carolina 1	 Butterfield, G. K.G. K. Butterfield	Democratic	North Carolina Supreme Court Justice	North Carolina Central University	2004*	1947
285	https://en.wikipedia.org/wiki/Renee_Ellmers	North Carolina 2	 Ellmers, ReneeRenee Ellmers	Republican	registered nurse	Oakland University	2011	1964
286	https://en.wikipedia.org/wiki/Walter_B._Jones,_Jr.	North Carolina 3	 Jones, WalterWalter Jones	Republican	North Carolina House of Representatives	Atlantic Christian College	1995	1943
287	https://en.wikipedia.org/wiki/David_Price_(U.S._politician)	North Carolina 4	 Price, DavidDavid Price	Democratic	college professor	"Mars Hill College
University of North Carolina at Chapel Hill
Yale University"	1997	1940
288	https://en.wikipedia.org/wiki/Virginia_Foxx	North Carolina 5	 Foxx, VirginiaVirginia Foxx	Republican	North Carolina Senate	"University of North Carolina at Chapel Hill
University of North Carolina at Greensboro"	2005	1943
289	https://en.wikipedia.org/wiki/Mark_Walker_(North_Carolina_politician)	North Carolina 6	 Walker, MarkMark Walker	Republican	Southern Baptist pastor	Piedmont International University	2015	1969
290	https://en.wikipedia.org/wiki/David_Rouzer	North Carolina 7	 Rouzer, DavidDavid Rouzer	Republican	North Carolina Senate	North Carolina State University	2015	1972
291	https://en.wikipedia.org/wiki/Richard_Hudson_(U.S._politician)	North Carolina 8	 Hudson, RichardRichard Hudson	Republican	Businessman	University of North Carolina at Charlotte	2013	1971
292	https://en.wikipedia.org/wiki/Robert_Pittenger	North Carolina 9	 Pittenger, RobertRobert Pittenger	Republican	North Carolina Senate	University of Texas	2013	1948
293	https://en.wikipedia.org/wiki/Patrick_McHenry	North Carolina 10	 McHenry, PatrickPatrick McHenry	Republican	North Carolina House of Representatives	"North Carolina State University
Belmont Abbey College"	2005	1975
294	https://en.wikipedia.org/wiki/Mark_Meadows_(North_Carolina_politician)	North Carolina 11	 Meadows, MarkMark Meadows	Republican	Businessman	University of South Florida	2013	1959
295	https://en.wikipedia.org/wiki/Alma_Adams	North Carolina 12	 Adams, AlmaAlma Adams	Democratic	North Carolina House of Representatives	"North Carolina A&T State University
Ohio State University"	2014*	1946
296	https://en.wikipedia.org/wiki/George_Holding	North Carolina 13	 Holding, GeorgeGeorge Holding	Republican	U.S. Attorney for Eastern North Carolina	"Wake Forest University
Wake Forest University School of Law"	2013	1968
297	https://en.wikipedia.org/wiki/Kevin_Cramer	North Dakota At Large	 Cramer, KevinKevin Cramer	Republican	North Dakota Public Service Commissioner	"Concordia College
University of Mary"	2013	1961
298	https://en.wikipedia.org/wiki/Steve_Chabot	Ohio 1	 Chabot, SteveSteve Chabot	Republican	Cincinnati City Council, Hamilton County Commissioner, U.S. House	"College of William & Mary
Northern Kentucky University"	2011	1953
299	https://en.wikipedia.org/wiki/Brad_Wenstrup	Ohio 2	 Wenstrup, BradBrad Wenstrup	Republican	Physician	University of Cincinnati	2013	1958
300	https://en.wikipedia.org/wiki/Joyce_Beatty	Ohio 3	 Beatty, JoyceJoyce Beatty	Democratic	Ohio House of Representatives	"Central State University
Wright State University
University of Cincinnati"	2013	1951
301	https://en.wikipedia.org/wiki/Jim_Jordan_(Ohio_politician)	Ohio 4	 Jordan, JimJim Jordan	Republican	Ohio Senate, Ohio House of Representatives	University of Wisconsin–Madison	2007	1964
302	https://en.wikipedia.org/wiki/Bob_Latta	Ohio 5	 Latta, BobBob Latta	Republican	Wood County Commissioner, Ohio House of Representatives, Ohio Senate	"Bowling Green State University
University of Toledo"	2007	1956
303	https://en.wikipedia.org/wiki/Bill_Johnson_(Ohio_politician)	Ohio 6	 Johnson, BillBill Johnson	Republican	United States Air Force	Troy University	2011	1954
304	https://en.wikipedia.org/wiki/Bob_Gibbs	Ohio 7	 Gibbs, BobBob Gibbs	Republican	Ohio Senate, Ohio House of Representatives	Ohio State University Agricultural Technical Institute	2011	1954
305	https://en.wikipedia.org/wiki/Warren_Davidson	Ohio 8	 Davidson, WarrenWarren Davidson	Republican	Businessman	"United States Military Academy
University of Notre Dame"	2016	1970
306	https://en.wikipedia.org/wiki/Marcy_Kaptur	Ohio 9	 Kaptur, MarcyMarcy Kaptur	Democratic	Domestic Policy Advisor, Carter Adm.	"University of Wisconsin
University of Michigan
Massachusetts Institute of Technology"	1983	1946
307	https://en.wikipedia.org/wiki/Mike_Turner	Ohio 10	 Turner, MikeMike Turner	Republican	Mayor of Dayton	"Ohio Northern University
Case Western Reserve University
University of Dayton"	2003	1960
308	https://en.wikipedia.org/wiki/Marcia_Fudge	Ohio 11	 Fudge, MarciaMarcia Fudge	Democratic	Mayor of Warrensville Heights	"Ohio State University
Cleveland-Marshall College of Law"	2008*	1952
309	https://en.wikipedia.org/wiki/Pat_Tiberi	Ohio 12	 Tiberi, PatPat Tiberi	Republican	Ohio House of Representatives	"Ohio State University
Capital University"	2001	1962
310	https://en.wikipedia.org/wiki/Tim_Ryan_(politician)	Ohio 13	 Ryan, TimTim Ryan	Democratic	Ohio Senate	"Bowling Green State University
University of New Hampshire School of Law"	2003	1973
311	https://en.wikipedia.org/wiki/David_Joyce_(politician)	Ohio 14	 Joyce, DavidDavid Joyce	Republican	Geauga County Prosecutor	University of Dayton	2013	1957
312	https://en.wikipedia.org/wiki/Steve_Stivers	Ohio 15	 Stivers, SteveSteve Stivers	Republican	Ohio Senate	Ohio State University	2011	1965
313	https://en.wikipedia.org/wiki/Jim_Renacci	Ohio 16	 Renacci, JimJim Renacci	Republican	businessman, Mayor of Wadsworth	Indiana University of Pennsylvania	2011	1958
314	https://en.wikipedia.org/wiki/Jim_Bridenstine	Oklahoma 1	 Bridenstine, JimJim Bridenstine	Republican	Museum director	"Rice University
Samuel Curtis Johnson Graduate School of Management"	2013	1975
315	https://en.wikipedia.org/wiki/Markwayne_Mullin	Oklahoma 2	 Mullin, MarkwayneMarkwayne Mullin	Republican	Businessman	Missouri Valley College	2013	1977
316	https://en.wikipedia.org/wiki/Frank_Lucas_(Oklahoma)	Oklahoma 3	 Lucas, FrankFrank Lucas	Republican	Oklahoma House of Representatives	Oklahoma State University	1994*	1960
317	https://en.wikipedia.org/wiki/Tom_Cole	Oklahoma 4	 Cole, TomTom Cole	Republican	Oklahoma Senate, Oklahoma Secretary of State, college professor	"Grinnell College
Yale University
University of Oklahoma"	2003	1949
318	https://en.wikipedia.org/wiki/Steve_Russell_(politician)	Oklahoma 5	 Russell, SteveSteve Russell	Republican	Oklahoma Senate, U. S. Army Lieutenant Colonel	Ouachita Baptist University	2015	1963
319	https://en.wikipedia.org/wiki/Suzanne_Bonamici	Oregon 1	 Bonamici, SuzanneSuzanne Bonamici	Democratic	Oregon House of Representatives, Oregon State Senate	"Lane Community College
University of Oregon"	2012*	1954
320	https://en.wikipedia.org/wiki/Greg_Walden	Oregon 2	 Walden, GregGreg Walden	Republican	Oregon House of Representatives, Oregon State Senate	University of Oregon	1999	1957
321	https://en.wikipedia.org/wiki/Earl_Blumenauer	Oregon 3	 Blumenauer, EarlEarl Blumenauer	Democratic	Oregon House of Representatives, Multnomah County Commissioner, Portland City Commissioner	Lewis & Clark College	1996*	1948
322	https://en.wikipedia.org/wiki/Peter_DeFazio	Oregon 4	 DeFazio, PeterPeter DeFazio	Democratic	Lane County Commissioner	"Tufts University
University of Oregon
University of Notre Dame"	1987	1947
323	https://en.wikipedia.org/wiki/Kurt_Schrader	Oregon 5	 Schrader, KurtKurt Schrader	Democratic	Veterinarian, Oregon State Senate	"Cornell University
University of Illinois"	2009	1951
324	https://en.wikipedia.org/wiki/Bob_Brady	Pennsylvania 1	 Brady, BobBob Brady	Democratic	Congressional aide; Pennsylvania Turnpike Commission	St. Thomas More High School	1998*	1945
325	https://en.wikipedia.org/wiki/Dwight_Evans_(politician)	Pennsylvania 2	 Evans, DwightDwight Evans	Democratic		La Salle University	2016*	1954
326	https://en.wikipedia.org/wiki/Mike_Kelly_(Pennsylvania)	Pennsylvania 3	 Kelly, MikeMike Kelly	Republican	businessman	University of Notre Dame	2011	1948
327	https://en.wikipedia.org/wiki/Scott_Perry_(politician)	Pennsylvania 4	 Perry, ScottScott Perry	Republican	Pennsylvania House of Representatives	Pennsylvania State University	2013	1962
328	https://en.wikipedia.org/wiki/Glenn_Thompson_(politician)	Pennsylvania 5	 Thompson, GlennGlenn Thompson	Republican	Centre County Party Chairman	"Penn State University
Temple University"	2009	1959
329	https://en.wikipedia.org/wiki/Ryan_Costello	Pennsylvania 6	 Costello, RyanRyan Costello	Republican	Chester County Board of Commissioners, Chester County Recorder of Deeds	"Ursinus College
Villanova University School of Law"	2015	1976
330	https://en.wikipedia.org/wiki/Pat_Meehan	Pennsylvania 7	 Meehan, PatPat Meehan	Republican	Delaware County District Attorney, U.S. Attorney for the Eastern District of Pennsylvania	"Bowdoin College
Temple Law School"	2011	1955
331	https://en.wikipedia.org/wiki/Mike_Fitzpatrick	Pennsylvania 8	 Fitzpatrick, MikeMike Fitzpatrick	Republican	Bucks County Commissioner, U.S. House	"St. Thomas University
Dickinson School of Law"	2011	1963
332	https://en.wikipedia.org/wiki/Bill_Shuster	Pennsylvania 9	 Shuster, BillBill Shuster	Republican	Businessman	"Dickinson College
American University"	2001*	1961
333	https://en.wikipedia.org/wiki/Tom_Marino	Pennsylvania 10	 Marino, TomTom Marino	Republican	Lycoming County District Attorney, U.S. Attorney for the Middle District of Pennsylvania	"Lycoming College
Dickinson School of Law"	2011	1952
334	https://en.wikipedia.org/wiki/Lou_Barletta	Pennsylvania 11	 Barletta, LouLou Barletta	Republican	Mayor of Hazleton	"Luzerne County Community College
Bloomsburg University of Pennsylvania"	2011	1956
335	https://en.wikipedia.org/wiki/Keith_Rothfus	Pennsylvania 12	 Rothfus, KeithKeith Rothfus	Republican	Attorney	"SUNY Buffalo
University of Notre Dame"	2013	1962
336	https://en.wikipedia.org/wiki/Brendan_F._Boyle	Pennsylvania 13	 Boyle, Brendan F.Brendan F. Boyle	Democratic	Pennsylvania House of Representatives	"University of Notre Dame
Harvard University"	2015	1977
337	https://en.wikipedia.org/wiki/Michael_F._Doyle	Pennsylvania 14	 Doyle, MichaelMichael Doyle	Democratic	State Senator Chief of Staff	Penn State University	1995	1953
338	https://en.wikipedia.org/wiki/Charlie_Dent	Pennsylvania 15	 Dent, CharlieCharlie Dent	Republican	Pennsylvania State Senate, Pennsylvania House of Representatives	"Penn State University
Lehigh University"	2005	1960
339	https://en.wikipedia.org/wiki/Joseph_R._Pitts	Pennsylvania 16	 Pitts, JoeJoe Pitts	Republican	Pennsylvania House of Representatives	Asbury College	1997	1939
340	https://en.wikipedia.org/wiki/Matt_Cartwright	Pennsylvania 17	 Cartwright, MattMatt Cartwright	Democratic	Attorney	"Hamilton College
University of Pennsylvania Law School"	2013	1961
341	https://en.wikipedia.org/wiki/Timothy_F._Murphy	Pennsylvania 18	 Murphy, Timothy F.Timothy F. Murphy	Republican	Pennsylvania State Senate	"Wheeling Jesuit University
Cleveland State University
University of Pittsburgh"	2003	1952
342	https://en.wikipedia.org/wiki/David_Cicilline	Rhode Island 1	 Cicilline, DavidDavid Cicilline	Democratic	Mayor of Providence, Rhode Island House of Representatives	"Brown University
Georgetown University Law Center"	2011	1961
343	https://en.wikipedia.org/wiki/James_Langevin	Rhode Island 2	 Langevin, JimJim Langevin	Democratic	Secretary of State of Rhode Island, Rhode Island House of Representatives	"Rhode Island College
Harvard University"	2001	1964
344	https://en.wikipedia.org/wiki/Mark_Sanford	South Carolina 1	 Sanford, MarkMark Sanford	Republican	U.S. House (1995-2001), Governor of South Carolina	"Furman University
University of Virginia"	2013*	1960
345	https://en.wikipedia.org/wiki/Joe_Wilson_(U.S._politician)	South Carolina 2	 Wilson, JoeJoe Wilson	Republican	South Carolina Senate	"Washington and Lee University
University of South Carolina School of Law"	2001*	1947
346	https://en.wikipedia.org/wiki/Jeff_Duncan_(politician)	South Carolina 3	 Duncan, JeffJeff Duncan	Republican	South Carolina House of Representatives	Clemson University	2011	1966
347	https://en.wikipedia.org/wiki/Trey_Gowdy	South Carolina 4	 Gowdy, TreyTrey Gowdy	Republican	7th Circuit Solicitor	"Baylor University
University of South Carolina School of Law"	2011	1964
348	https://en.wikipedia.org/wiki/Mick_Mulvaney	South Carolina 5	 Mulvaney, MickMick Mulvaney	Republican	South Carolina House of Representatives, South Carolina Senate	"Georgetown University
University of North Carolina at Chapel Hill"	2011	1967
349	https://en.wikipedia.org/wiki/Jim_Clyburn	South Carolina 6	 Clyburn, JimJim Clyburn	Democratic	Political aide, teacher	South Carolina State University	1993	1940
350	https://en.wikipedia.org/wiki/Tom_Rice	South Carolina 7	 Rice, TomTom Rice	Republican	Attorney, businessman, chairman of the Horry County Council	University of South Carolina	2013	1957
351	https://en.wikipedia.org/wiki/Kristi_Noem	South Dakota At Large	 Noem, KristiKristi Noem	Republican	South Dakota House of Representatives	South Dakota State University	2011	1971
352	https://en.wikipedia.org/wiki/Phil_Roe_(politician)	Tennessee 1	 Roe, PhilPhil Roe	Republican	OB/GYN, Mayor of Johnson City	"Austin Peay State University
University of Tennessee"	2009	1945
353	https://en.wikipedia.org/wiki/Jimmy_Duncan_(U.S._politician)	Tennessee 2	 Duncan, JimmyJimmy Duncan	Republican	state court judge	"University of Tennessee
George Washington University"	1988*	1947
354	https://en.wikipedia.org/wiki/Chuck_Fleischmann	Tennessee 3	 Fleischmann, ChuckChuck Fleischmann	Republican	attorney	"University of Illinois
University of Tennessee College of Law"	2011	1962
355	https://en.wikipedia.org/wiki/Scott_DesJarlais	Tennessee 4	 DesJarlais, ScottScott DesJarlais	Republican	Physician	"University of South Dakota
University of South Dakota School of Medicine"	2011	1964
356	https://en.wikipedia.org/wiki/Jim_Cooper	Tennessee 5	 Cooper, JimJim Cooper	Democratic	U.S. House, college professor	"University of North Carolina
Oriel College
Harvard Law School"	2003	1954
357	https://en.wikipedia.org/wiki/Diane_Black	Tennessee 6	 Black, DianeDiane Black	Republican	Tennessee House of Representatives, Tennessee Senate	Belmont University	2011	1951
358	https://en.wikipedia.org/wiki/Marsha_Blackburn	Tennessee 7	 Blackburn, MarshaMarsha Blackburn	Republican	Tennessee Senate	Mississippi State University	2003	1952
359	https://en.wikipedia.org/wiki/Stephen_Fincher	Tennessee 8	 Fincher, StephenStephen Fincher	Republican	farmer		2011	1973
360	https://en.wikipedia.org/wiki/Steve_Cohen	Tennessee 9	 Cohen, SteveSteve Cohen	Democratic	Tennessee Senate, Attorney	"Vanderbilt University
University of Memphis"	2007	1949
361	https://en.wikipedia.org/wiki/Louie_Gohmert	Texas 1	 Gohmert, LouieLouie Gohmert	Republican	Texas appeals court judge	"Texas A&M University
Baylor University"	2005	1953
362	https://en.wikipedia.org/wiki/Ted_Poe	Texas 2	 Poe, TedTed Poe	Republican	Texas state district judge	"Abilene Christian University
University of Houston Law Center"	2005	1948
363	https://en.wikipedia.org/wiki/Sam_Johnson	Texas 3	 Johnson, SamSam Johnson	Republican	Texas House of Representatives, Colonel United States Air Force	Southern Methodist University	1991*	1930
364	https://en.wikipedia.org/wiki/John_Ratcliffe_(American_politician)	Texas 4	 Ratcliffe, JohnJohn Ratcliffe	Republican	Mayor of Heath, U.S. Attorney for Eastern District of Texas	"University of Notre Dame
Dedman School of Law"	2015	1965
365	https://en.wikipedia.org/wiki/Jeb_Hensarling	Texas 5	 Hensarling, JebJeb Hensarling	Republican	energy executive	"Texas A&M University
University of Texas at Austin"	2003	1957
366	https://en.wikipedia.org/wiki/Joe_Barton	Texas 6	 Barton, JoeJoe Barton	Republican	oil industry consultant	"Texas A&M University
Purdue University"	1985	1949
367	https://en.wikipedia.org/wiki/John_Culberson	Texas 7	 Culberson, JohnJohn Culberson	Republican	Texas House of Representatives	"Southern Methodist University
South Texas College of Law"	2001	1956
368	https://en.wikipedia.org/wiki/Kevin_Brady	Texas 8	 Brady, KevinKevin Brady	Republican	Texas House of Representatives	University of South Dakota	1997	1955
369	https://en.wikipedia.org/wiki/Al_Green_(politician)	Texas 9	 Green, AlAl Green	Democratic	Harris County Justice of the Peace, Houston NAACP president	"Florida A&M University
Tuskeegee Institute
Texas Southern University"	2005	1947
370	https://en.wikipedia.org/wiki/Michael_McCaul	Texas 10	 McCaul, MichaelMichael McCaul	Republican	Attorney, federal prosecutor	"Trinity University
St. Mary's University
Kennedy School of Government (attended)"	2005	1962
371	https://en.wikipedia.org/wiki/Mike_Conaway	Texas 11	 Conaway, MikeMike Conaway	Republican	oil exploration executive	Texas A&M University–Commerce	2005	1948
372	https://en.wikipedia.org/wiki/Kay_Granger	Texas 12	 Granger, KayKay Granger	Republican	Mayor of Fort Worth	Texas Wesleyan University	1999	1943
373	https://en.wikipedia.org/wiki/Mac_Thornberry	Texas 13	 Thornberry, MacMac Thornberry	Republican	Rancher, attorney	"Texas Tech University
University of Texas Law School"	1995	1958
374	https://en.wikipedia.org/wiki/Randy_Weber	Texas 14	 Weber, RandyRandy Weber	Republican	Texas House of Representatives, Pearland City Council	University of Houston–Clear Lake	2013	1953
375	https://en.wikipedia.org/wiki/Rub%C3%A9n_Hinojosa	Texas 15	 Hinojosa, RubénRubén Hinojosa	Democratic	food processing executive, Texas State Board of Education	"University of Texas at Austin
University of Texas-Pan American"	1997	1940
376	https://en.wikipedia.org/wiki/Beto_O%27Rourke	Texas 16	 O'Rourke, BetoBeto O'Rourke	Democratic	El Paso City Councilman	Columbia University	2013	1972
377	https://en.wikipedia.org/wiki/Bill_Flores	Texas 17	 Flores, BillBill Flores	Republican	businessman	"Texas A&M University
Houston Baptist University"	2011	1954
378	https://en.wikipedia.org/wiki/Sheila_Jackson_Lee	Texas 18	 Jackson Lee, SheilaSheila Jackson Lee	Democratic	Houston City Council, municipal judge	"Yale University
University of Virginia Law School"	1995	1950
379	https://en.wikipedia.org/wiki/Randy_Neugebauer	Texas 19	 Neugebauer, RandyRandy Neugebauer	Republican	Lubbock City Council, real estate developer	Texas Tech University	2003*	1949
380	https://en.wikipedia.org/wiki/Joaqu%C3%ADn_Castro	Texas 20	 Castro, JoaquínJoaquín Castro	Democratic	Texas House of Representatives	"Stanford University
Harvard Law School"	2013	1974
381	https://en.wikipedia.org/wiki/Lamar_S._Smith	Texas 21	 Smith, Lamar S.Lamar S. Smith	Republican	Bexar County Commissioner, Texas House of Representatives	"Yale University
Southern Methodist University School of Law"	1987	1947
382	https://en.wikipedia.org/wiki/Pete_Olson	Texas 22	 Olson, PetePete Olson	Republican	Congressional aide	"Rice University
University of Texas at Austin"	2009	1962
383	https://en.wikipedia.org/wiki/Will_Hurd	Texas 23	 Hurd, WillWill Hurd	Republican	Corporate adviser, former CIA operative	Texas A&M University	2015	1977
384	https://en.wikipedia.org/wiki/Kenny_Marchant	Texas 24	 Marchant, KennyKenny Marchant	Republican	Mayor of Carrolton, Texas House of Representatives	Southern Nazarene University	2005	1951
385	https://en.wikipedia.org/wiki/Roger_Williams_(U.S._politician)	Texas 25	 Williams, RogerRoger Williams	Republican	Secretary of State of Texas	Texas Christian University	2013	1949
386	https://en.wikipedia.org/wiki/Michael_C._Burgess	Texas 26	 Burgess, MichaelMichael Burgess	Republican	Physician	"University of North Texas
University of Texas Health Science Center at Houston"	2003	1950
387	https://en.wikipedia.org/wiki/Blake_Farenthold	Texas 27	 Farenthold, BlakeBlake Farenthold	Republican	attorney	"University of Texas at Austin
St. Mary's University School of Law"	2011	1961
388	https://en.wikipedia.org/wiki/Henry_Cuellar	Texas 28	 Cuellar, HenryHenry Cuellar	Democratic	Texas House of Representatives, Texas Secretary of State	"Edmund A. Walsh School of Foreign Service
University of Texas at Austin"	2005	1955
389	https://en.wikipedia.org/wiki/Gene_Green	Texas 29	 Green, GeneGene Green	Democratic	Texas House of Representatives, Texas Senate	University of Houston	1993	1947
390	https://en.wikipedia.org/wiki/Eddie_Bernice_Johnson	Texas 30	 Johnson, EddieEddie Johnson	Democratic	Texas Senate, nurse	"Saint Mary's College-Indiana
Texas Christian University
Southern Methodist University"	1991	1935
391	https://en.wikipedia.org/wiki/John_Carter_(Texas)	Texas 31	 Carter, JohnJohn Carter	Republican	Texas state district judge	"Texas Tech University
University of Texas at Austin"	2003	1941
392	https://en.wikipedia.org/wiki/Pete_Sessions	Texas 32	 Sessions, PetePete Sessions	Republican	marketing executive	Southwestern University	1997	1955
393	https://en.wikipedia.org/wiki/Marc_Veasey	Texas 33	 Veasey, MarcMarc Veasey	Democratic	Texas House of Representatives	Texas Wesleyan University	2013	1971
394	https://en.wikipedia.org/wiki/Filemon_Vela,_Jr.	Texas 34	 Vela, Jr., FilemonFilemon Vela, Jr.	Democratic	Attorney	"Georgetown University
University of Texas School of Law"	2013	1963
395	https://en.wikipedia.org/wiki/Lloyd_Doggett	Texas 35	 Doggett, LloydLloyd Doggett	Democratic	Texas Senate, Texas Supreme Court justice, college professor	University of Texas at Austin	1995	1946
396	https://en.wikipedia.org/wiki/Brian_Babin	Texas 36	 Babin, BrianBrian Babin	Republican	Lower Neches Valley Authority, Texas Historical Commission, Mayor of Woodville	"Lamar University
University of Texas Dental School"	2015	1948
397	https://en.wikipedia.org/wiki/Rob_Bishop	Utah 1	 Bishop, RobRob Bishop	Republican	Speaker of the Utah House of Representatives, Chairman of the Utah Republican Party	University of Utah	2003	1951
398	https://en.wikipedia.org/wiki/Chris_Stewart_(politician)	Utah 2	 Stewart, ChrisChris Stewart	Republican	Author, businessman	Utah State University	2013	1960
399	https://en.wikipedia.org/wiki/Jason_Chaffetz	Utah 3	 Chaffetz, JasonJason Chaffetz	Republican	Business relations executive	Brigham Young University	2009	1967
400	https://en.wikipedia.org/wiki/Mia_Love	Utah 4	 Love, MiaMia Love	Republican	Mayor of Saratoga Springs	University of Hartford	2015	1975
401	https://en.wikipedia.org/wiki/Peter_Welch	Vermont At Large	 Welch, PeterPeter Welch	Democratic	Vermont Senate President Pro Tempore	"College of the Holy Cross
University of California, Berkeley"	2007	1947
402	https://en.wikipedia.org/wiki/Rob_Wittman	Virginia 1	 Wittman, RobRob Wittman	Republican	Mayor of Montross, Westmoreland County Board of Supervisors, Virginia House of Delegates	"Virginia Tech
University of North Carolina
Virginia Commonwealth University"	2007*	1959
403	https://en.wikipedia.org/wiki/Scott_Rigell	Virginia 2	 Rigell, ScottScott Rigell	Republican	businessman	"Mercer University
Regent University"	2011	1960
404	https://en.wikipedia.org/wiki/Bobby_Scott_(U.S._politician)	Virginia 3	 Scott, RobertRobert Scott	Democratic	Virginia Senate, Virginia House of Delegates	"Harvard University
Boston College Law School"	1993	1947
405	https://en.wikipedia.org/wiki/Randy_Forbes	Virginia 4	 Forbes, RandyRandy Forbes	Republican	Virginia Senate, Virginia House of Delegates, Chairman of the Virginia Republican Party	"Randolph-Macon College
University of Virginia School of Law"	2001	1952
406	https://en.wikipedia.org/wiki/Robert_Hurt_(politician)	Virginia 5	 Hurt, RobertRobert Hurt	Republican	Virginia Senate, Virginia House of Delegates	"Hampden-Sydney College
Mississippi College School of Law"	2011	1969
407	https://en.wikipedia.org/wiki/Bob_Goodlatte	Virginia 6	 Goodlatte, BobBob Goodlatte	Republican	Private legal practice	"Bates College
Washington and Lee University"	1993	1952
408	https://en.wikipedia.org/wiki/Dave_Brat	Virginia 7	 Brat, DaveDave Brat	Republican	Economics professor at Randolph–Macon College	"Hope College
Princeton Theological Seminary
American University"	2014*	1964
409	https://en.wikipedia.org/wiki/Don_Beyer	Virginia 8	 Beyer, DonDon Beyer	Democratic	U.S. Ambassador to Switzerland and Liechtenstein, Lieutenant Governor of Virginia	Williams College	2015	1950
410	https://en.wikipedia.org/wiki/Morgan_Griffith	Virginia 9	 Griffith, MorganMorgan Griffith	Republican	Majority Leader of the Virginia House of Delegates	"Emory and Henry College
Washington and Lee University"	2011	1958
411	https://en.wikipedia.org/wiki/Barbara_Comstock	Virginia 10	 Comstock, BarbaraBarbara Comstock	Republican	Virginia House of Delegates	"Middlebury College
Georgetown University Law Center"	2015	1959
412	https://en.wikipedia.org/wiki/Gerry_Connolly	Virginia 11	 Connolly, GerryGerry Connolly	Democratic	Chairman of the Fairfax County Board of Supervisors	"Maryknoll College (Illinois) (closed)
Harvard University"	2009	1950
413	https://en.wikipedia.org/wiki/Suzan_DelBene	Washington 1	 DelBene, SuzanSuzan DelBene	Democratic	Washington Department of Revenue Director	"Reed College
University of Washington"	2012*	1963
414	https://en.wikipedia.org/wiki/Rick_Larsen	Washington 2	 Larsen, RickRick Larsen	Democratic	Snohomish County Council	"Pacific Lutheran University
University of Minnesota"	2001	1965
415	https://en.wikipedia.org/wiki/Jaime_Herrera_Beutler	Washington 3	 Herrera Beutler, JaimeJaime Herrera Beutler	Republican	Washington House of Representatives	University of Washington	2011	1978
416	https://en.wikipedia.org/wiki/Dan_Newhouse	Washington 4	 Newhouse, DanDan Newhouse	Republican	Washington House of Representatives	Washington State University	2015	1955
417	https://en.wikipedia.org/wiki/Cathy_McMorris_Rodgers	Washington 5	 McMorris Rodgers, CathyCathy McMorris Rodgers	Republican	Washington House of Representatives	"Pensacola Christian College
University of Washington"	2005	1969
418	https://en.wikipedia.org/wiki/Derek_Kilmer	Washington 6	 Kilmer, DerekDerek Kilmer	Democratic	Washington State Senate	"Princeton University
University of Oxford"	2013	1974
419	https://en.wikipedia.org/wiki/Jim_McDermott	Washington 7	 McDermott, JimJim McDermott	Democratic	Psychiatrist, Washington State Senate	"Wheaton College
University of Illinois"	1989	1936
420	https://en.wikipedia.org/wiki/Dave_Reichert	Washington 8	 Reichert, DaveDave Reichert	Republican	King County Sheriff	Concordia College	2005	1950
421	https://en.wikipedia.org/wiki/Adam_Smith_(politician)	Washington 9	 Smith, AdamAdam Smith	Democratic	Washington State Senate	"Fordham University
University of Washington"	1997	1965
422	https://en.wikipedia.org/wiki/Dennis_Heck	Washington 10	 Heck, DennisDennis Heck	Democratic	Washington House of Representatives	The Evergreen State College	2013	1952
423	https://en.wikipedia.org/wiki/David_McKinley	West Virginia 1	 McKinley, DavidDavid McKinley	Republican	West Virginia House of Delegates, businessman	Purdue University	2011	1947
424	https://en.wikipedia.org/wiki/Alex_Mooney	West Virginia 2	 Mooney, AlexAlex Mooney	Republican	Maryland Senate	Dartmouth College	2015	1971
425	https://en.wikipedia.org/wiki/Evan_Jenkins_(politician)	West Virginia 3	 Jenkins, EvanEvan Jenkins	Republican	West Virginia Senate, West Virginia House of Delegates	"University of Florida
Cumberland School of Law"	2015	1960
426	https://en.wikipedia.org/wiki/Paul_Ryan	Wisconsin 1	 Ryan, PaulPaul Ryan	Republican	Legislative Director	Miami University	1999	1970
427	https://en.wikipedia.org/wiki/Mark_Pocan	Wisconsin 2	 Pocan, MarkMark Pocan	Democratic	Wisconsin State Assembly	University of Wisconsin–Madison	2013	1964
428	https://en.wikipedia.org/wiki/Ron_Kind	Wisconsin 3	 Kind, RonRon Kind	Democratic	County Prosecutor	"London School of Economics
University of Minnesota"	1997	1963
429	https://en.wikipedia.org/wiki/Gwen_Moore	Wisconsin 4	 Moore, GwenGwen Moore	Democratic	Wisconsin State Senate, Wisconsin State Assembly	Marquette University	2005	1951
430	https://en.wikipedia.org/wiki/Jim_Sensenbrenner	Wisconsin 5	 Sensenbrenner, JimJim Sensenbrenner	Republican	Wisconsin State Senate, Wisconsin State Assembly	"Stanford University
University of Wisconsin"	1979	1943
431	https://en.wikipedia.org/wiki/Glenn_Grothman	Wisconsin 6	 Grothman, GlennGlenn Grothman	Republican	Wisconsin Senate, Wisconsin State Assembly	"University of Wisconsin–Madison
University of Wisconsin Law School"	2015	1955
432	https://en.wikipedia.org/wiki/Sean_Duffy	Wisconsin 7	 Duffy, SeanSean Duffy	Republican	Ashland County District Attorney	"St. Mary's University
William Mitchell College of Law"	2011	1971
433	https://en.wikipedia.org/wiki/Reid_Ribble	Wisconsin 8	 Ribble, ReidReid Ribble	Republican	businessman	Grand Rapids School of Bible and Music	2011	1956
434	https://en.wikipedia.org/wiki/Cynthia_Lummis	Wyoming At Large	 Lummis, CynthiaCynthia Lummis	Republican	Wyoming State Treasurer, Wyoming Senate, Wyoming House of Representatives	University of Wyoming	2009	1954
